{"stats":{"minecraft:picked_up":{"minecraft:dirt":5},"minecraft:mined":{"minecraft:grass":1,"minecraft:grass_block":5},"minecraft:used":{"minecraft:dirt":5},"minecraft:custom":{"minecraft:jump":61,"minecraft:time_since_rest":4945,"minecraft:leave_game":1,"minecraft:sprint_one_cm":8733,"minecraft:play_time":4945,"minecraft:time_since_death":4945,"minecraft:walk_one_cm":2462,"minecraft:sneak_time":4,"minecraft:climb_one_cm":518,"minecraft:total_world_time":4945,"minecraft:fall_one_cm":1363,"minecraft:fly_one_cm":10635}},"DataVersion":3578}