{"stats":{"minecraft:custom":{"minecraft:jump":65,"minecraft:time_since_rest":8478,"minecraft:leave_game":1,"minecraft:play_time":8478,"minecraft:sprint_one_cm":9375,"minecraft:time_since_death":8478,"minecraft:walk_one_cm":2657,"minecraft:sneak_time":4,"minecraft:total_world_time":8478,"minecraft:climb_one_cm":518,"minecraft:fall_one_cm":1363,"minecraft:fly_one_cm":11175},"minecraft:mined":{"minecraft:grass":1,"minecraft:grass_block":5},"minecraft:used":{"minecraft:dirt":5},"minecraft:picked_up":{"minecraft:dirt":5}},"DataVersion":3578}